[
    {
        "codenome":"Astra",
        "nomeReal":"Efia Danso",
        "agenteNum":"16",
        "nacionalidade":"Gana"
    },

    {
        "codenome":"Brimstone",
        "nomeReal":"Liam Byrne",
        "agenteNum":"1",
        "nacionalidade":"USA"
    },

    {
        "codenome":"Harbor",
        "nomeReal":"Varun Batra",
        "agenteNum":"21",
        "nacionalidade":"India"
    },

    {
        "codenome":"Omen",
        "nomeReal":"Desconhecido",
        "agenteNum":"3",
        "nacionalidade":"Desconhecido"
    },
    
    {
        "codenome":"Viper",
        "nomeReal":"Liam Byrne",
        "agenteNum":"1",
        "nacionalidade":"USA"
    }
]