[
    {
        "codenome":"Jett",
        "nomeReal":"Han Sunwoo",
        "agenteNum":"10",
        "nacionalidade":"Coreia do Sul"
    },

    {
        "codenome":"Neon",
        "nomeReal":"Tala Nicole Dimaapi Valdez",
        "agenteNum":"19",
        "nacionalidade":"Filipinas"
    },

    {
        "codenome":"Phoenix",
        "nomeReal":"Jamie Adeyemi",
        "agenteNum":"9",
        "nacionalidade":"Reino Unido"
    },

    {
        "codenome":"Raze",
        "nomeReal":"Tayane Alves",
        "agenteNum":"12",
        "nacionalidade":"Brasil"
    },

    {
        "codenome":"Reyna",
        "nomeReal":"Zyanya Mondragón",
        "agenteNum":"11",
        "nacionalidade":"Mexico"
    },

    {
        "codenome":"Yoru",
        "nomeReal":"Kiritani Ryo",
        "agenteNum":"15",
        "nacionalidade":"Japao"
    }
]