[
    {
        "codenome":"Breach",
        "nomeReal":"Erik Torsten",
        "agenteNum":"13",
        "nacionalidade":"Suecia"
    },

    {
        "codenome":"Fade",
        "nomeReal":"Hazal Eyletmez",
        "agenteNum":"20",
        "nacionalidade":"Turquia"
    },

    {
        "codenome":"Gekko",
        "nomeReal":"Mateo Armendáriz De la Fuente",
        "agenteNum":"22",
        "nacionalidade":"USA"
    },

    {
        "codenome":"KAY/O",
        "nomeReal":"Desconhecido",
        "agenteNum":"17",
        "nacionalidade":"Desconhecido"
    },

    {
        "codenome":"Skye",
        "nomeReal":"Kirra Foster",
        "agenteNum":"14",
        "nacionalidade":"Autralia"
    },

    {
        "codenome":"Sova",
        "nomeReal":"Sasha Novikov",
        "agenteNum":"6",
        "nacionalidade":"Russia"
    }
]