[
    {
        "codenome":"Chamber",
        "nomeReal":"Vincent Fabron",
        "agenteNum":"18",
        "nacionalidade":"Franca"
    },

    {
        "codenome":"Cypher",
        "nomeReal":"Amir El Amari",
        "agenteNum":"5",
        "nacionalidade":"Marrocos"
    },

    {
        "codenome":"Killjoy",
        "nomeReal":"Klara Böhringer",
        "agenteNum":"4",
        "nacionalidade":"Alemanha"
    },

    {
        "codenome":"Sage",
        "nomeReal":"Wei Lingying",
        "agenteNum":"7",
        "nacionalidade":"China"
    }
]